samples,x1,x2,x3,x4,x5
0.0,-1.6265721270320614,-0.45347065097601197,-1.148315112370971,-0.23758585496910906,-0.2117416476901849
0.0,-1.585618892010604,-0.6411920674015056,-1.0315725644234104,-0.15859212593239888,-0.03820869273327905
1.0,-1.261291939106742,-0.9627882578082364,-1.1557638243347124,-0.11499281273336022,-0.022288072441883914
0.0,-1.6123355698582893,-0.9054125077529033,-0.8874881768775735,-0.18104059386899887,-0.04745697359485403
3.0,1.9956147243401354,3.7116898638301983,-0.21629103003513303,-0.397791199503264,0.0709045962977766
4.0,2.256424056344594,3.7526291604264794,0.24288184315033903,-0.4744392321011857,-0.026253388661701963
4.0,2.954173935904015,-1.9983578226705805,0.44077427585844225,0.15038150146566315,-0.013365084382667676
1.0,-0.6203152067851879,-1.7137117075705774,-1.0298917122171896,-0.2554722414964231,0.04136389144206385
0.0,-1.5526624578401145,-0.47163246752351795,-1.1042940896115703,-0.09311581200336508,0.02679346546337536
4.0,2.6324036357399003,3.601393245562518,1.2798704764706192,-0.6148816533773823,0.13801765512897768
4.0,2.9852039017748266,-1.9792502064387134,0.46919744619243503,0.14673926583666205,-0.05599871761691426
1.0,-0.8769180303074393,1.3701519768875905,-1.6389892394363788,0.48801484187622557,0.1512326243957022
0.0,-1.7421188016598335,-0.3542719175504077,-1.049057469011631,-0.2231615463679228,-0.14371137242332896
0.0,-1.859865914919891,-0.2310730059907188,-1.055499809488265,0.01983564046877231,-0.15935332157486246
0.0,-1.4639212879328207,-0.47687689665153143,-1.219180715081301,-0.15506650040195608,-0.10223213073197543
2.0,0.07587391884542712,2.5316871906924736,-1.4333751414596407,-0.39925644612860983,0.536285726948704
0.0,-1.609703677501987,-0.6237690217745396,-0.9574817069719297,-0.031155274488614538,0.09531632202480045
3.0,1.5025861645242737,3.4985403310974625,-0.8263781213517238,-0.2780566050235139,0.2978463345417446
4.0,3.0142710658378054,-1.9676500203531448,0.48471462055078546,0.17003080895337394,-0.05230336394615157
2.0,0.4917300649436374,2.8767514990585368,-1.301727639624457,-0.45911486203002094,0.5220603498535945
0.0,-1.5892082208170029,-0.7744760817804767,-0.9341628190755121,-0.09621400548940229,0.02135925947562404
4.0,3.1570088005234034,-1.9098246873147344,0.6142681231692305,0.1953888374813059,-0.14596008963502602
0.0,-1.6440026317464533,-0.6476860446297308,-1.0208055988597033,-0.13603969925927065,-0.17361820593411798
0.0,-1.5159142448143006,-0.9855614445336293,-0.9852784125348109,-0.24140395452072355,-0.16040511638157515
3.0,1.323609466491138,3.17716857173427,-1.0115676931982645,0.8993823954010324,-0.024720121344133168
4.0,2.9905354843458167,-1.9876061656863144,0.46226917332218903,0.1725246854703561,-0.025486692785267665
3.0,1.7145837122901213,-2.3555002957192315,-0.26871656567388463,-0.15579439316789034,0.22958045868564395
0.0,-1.7054101302385778,-0.7911321863254233,-0.9280716382532023,-0.155466856929904,-0.18434668557268793
2.0,0.909048786869813,-2.413646687124537,-0.6194150326511698,-0.28845162068179986,0.21527271464446607
1.0,-1.27848021209723,-0.8771945100569339,-1.216950013156035,-0.13086847447145708,-0.0924118791840725
0.0,-1.510722963329107,-0.07621273008600775,-1.2628598488245273,0.07152261123585996,0.13868212321870327
1.0,-0.5284179264198517,1.6312722000961142,-1.566783615685476,0.9158408980572503,0.19866049370586236
2.0,0.3011583365663688,-2.1430063369102017,-0.7350078740525929,-0.23005958830663015,0.3508022126702609
4.0,3.0914161233609185,-1.9390242732941698,0.5560393773664081,0.18201933140233392,-0.1037212654953592
0.0,-1.4908608232779268,-0.9289630013225041,-1.0038708185079,-0.21782159577370774,-0.180002792033088
4.0,3.1092112152813387,-1.9322043565618927,0.5722855518268997,0.18724612440862323,-0.1120238839888078
4.0,2.52726711809765,3.774880197288039,0.7794113058638822,-0.5669822224483188,-0.19448328357466707
2.0,0.024491450543365354,-2.0821410017295032,-0.8071435755090509,-0.2730938483906882,0.22120909670421285
4.0,3.1249598877412494,-1.9200689024861246,0.588170421426908,0.178484590276006,-0.13245822330238244
4.0,2.7599975156892196,-2.070585866110685,0.29364040016242887,0.1001949661243406,0.06716713075273899
2.0,0.49010007295172225,2.8956052611956404,-1.2969056025927552,-0.47455295649099294,0.49789374876348874
3.0,1.6575942854046462,3.4554884145798157,-0.7479214790466111,0.7056470930725345,-0.20443496485715923
0.0,-1.9383890461637725,-0.6761992757789421,-0.7759277639975032,-0.23697489541542574,-0.2925089622024647
3.0,1.8345437086623722,3.6756817614442863,-0.5915953108719633,0.1881548040351361,-0.22517619000332165
0.0,-1.5022546706518713,-0.5427502075386373,-1.2030078164556584,-0.3402757625994344,-0.25100153373082773
4.0,3.077990784738512,-1.9426397542426481,0.5473032939267038,0.1702519708522993,-0.09377904179033172
4.0,2.090065635088385,3.7952101850083992,-0.2597635253150778,0.14863358783310476,-0.38378614530154675
0.0,-1.5017905252820578,-0.24695102918529444,-1.2550606110865683,-0.0536639520792332,-0.01265734253183509
0.0,-1.7264621530901976,-0.44603077725749085,-0.9825371297845682,-0.11846104132595585,-0.010813288665736104
4.0,3.056901663281476,-1.9475427097857083,0.5326826043262569,0.16038237545865586,-0.0958859431191653
3.0,2.0377881933277426,3.7816709826172126,-0.3248015784684298,0.07227680882979765,-0.3254323113550347
1.0,-1.3264752481739082,-1.017388486993645,-1.1678187737059713,-0.20731817110299025,-0.22149406242357403
0.0,-1.5579592608667814,-0.6846912817259199,-1.013497798950995,-0.10896701386777095,0.01594263659120491
2.0,-0.09044850319909895,-2.1529524893093313,-0.8573795652893835,-0.35564510985104025,0.034238085233343374
4.0,3.146147268498626,-1.9169332409719346,0.6011574908826943,0.1999042727499411,-0.13450751617620008
0.0,-1.5579695986707731,-0.428968938058259,-1.1594238119624534,-0.11209054091266726,-0.05012951162680837
4.0,3.053864540678672,-1.9504759188023386,0.5295882153125784,0.16212544942802662,-0.08825452109887683
1.0,-1.3836179800051867,-0.8075043541754118,-1.1390049376669964,-0.17046636755798902,-0.07743663199057645
0.0,-1.4039861825724456,0.3341737828205937,-1.523418831210096,0.027204661975050674,-0.023227690635977582
1.0,-1.031904687440527,1.3939984179713651,-1.7422614720836653,-0.4689457089471398,0.009961623164796209
3.0,0.9164238888131098,3.1084508291866255,-1.1487631234140543,-0.28413302881216834,0.542798805594745
4.0,2.652602599310147,3.412957950035774,1.5975113585241674,-0.6117499421864849,0.4032185410235305
4.0,3.0479625063468454,-1.9497005405841787,0.5289526969253704,0.15135344364332967,-0.09277212616719552
1.0,-1.0220777263193017,-1.5653049866756097,-1.0454457070254208,-0.32073729228666886,-0.20645131987770152
4.0,3.1832338667265363,-1.8973290660529087,0.638703793042644,0.19548789836424024,-0.17044815806699792
1.0,-1.1810332447461074,-1.1080880344540038,-1.2025978427482993,-0.25261483651258276,-0.1839104673420635
0.0,-1.4556262158690512,-0.46827081462984044,-1.2190419504186674,-0.1791225135710944,-0.055814867806772174
0.0,-1.8119380445098814,-0.6329741295068613,-0.8450720100983427,-0.22082568973535435,-0.10115112840322434
4.0,2.9194438028107177,-1.984478633066559,0.4347583982099775,0.08620283727645445,-0.06938643441326571
0.0,-1.5431249817396284,-0.863562490371304,-0.9604191657268686,-0.18181291548877893,-0.044426622471847574
1.0,-1.175147020791032,-1.1287073674425028,-1.2295655904215539,-0.3296381724883346,-0.2717983637845584
4.0,2.597272484385223,-2.1238584091509147,0.18894190726382154,0.05813130515120043,0.11738035123648233
4.0,2.7583831873092746,-2.0752681887305275,0.28420749356445835,0.10154581223063833,0.09142437507541075
4.0,3.135747410581677,-1.9175916696605229,0.597100552697535,0.18283614453917577,-0.1347835552473236
4.0,2.615197093995993,-2.1048992778003357,0.21936456266268672,0.043958531833773996,0.0688621431270354
1.0,-0.3437004751528999,1.756902410706259,-1.5185221485149023,1.0504933078287249,0.276174779378711
0.0,-1.5341935117262597,-0.654191550376293,-1.052237675794336,-0.12828701502211307,-0.02248744796648926
4.0,3.0897024470283774,-1.9333662871665869,0.5561989113105477,0.16541561687111736,-0.11594677260410094
1.0,-0.44781284729935866,-1.8751478991042483,-0.9842907143551053,-0.2912880593195815,0.008009409033539288
4.0,3.1628353576667636,-1.901525696761677,0.6250655740020233,0.1839667584529034,-0.1637472352589498
2.0,-0.169577258094344,-2.013815236997296,-0.9071321568527371,-0.2901210636263144,0.11534991789533826
4.0,2.0743001703280353,3.820235167948153,-0.2685946855285134,-0.14701538197846234,-0.2531558066161083
4.0,3.0526197541521154,-1.9478411986347872,0.5298854300057652,0.15565732156343867,-0.10296024912542967
2.0,-0.23964959989179177,-2.056822194703993,-0.8552465045408628,-0.33140438593782184,0.07372725062308667
4.0,2.254067250058406,3.7816786631865122,0.1951897266831164,-0.4923283292827915,-0.07287788802047288
2.0,-0.03457411812473871,-2.0141170204926895,-0.7822788332579159,-0.24753656144289324,0.2715152180434899
4.0,2.077306977937206,-2.2837500898653107,-0.12906129628156132,-0.044876136263255005,0.2722587711419075
2.0,0.08022198856477765,-2.1825788554694676,-0.8404161109458766,-0.31855033206817995,0.1252817853712665
4.0,3.008122366958046,-1.9635197271977385,0.49520015855012867,0.14168915690544662,-0.08231176979943877
1.0,-1.3038893207849502,-1.310904709877118,-0.9911408471091602,-0.2853819018197337,-0.17798433597869917
0.0,-1.5769702930165748,-0.4155765544105529,-1.0617098407502503,-0.0793985953835131,0.11190810343052861
4.0,3.0221545724040366,-1.967780731762037,0.4976052759169073,0.15404719268499067,-0.05873688677160687
4.0,2.644083392093242,3.566737099834098,1.3556022375288581,-0.6419841575295092,0.19245450527800345
4.0,2.7932271654767735,-2.04115024801948,0.3423590765919321,0.07247725573840832,0.009540651474868132
4.0,2.649010962560725,3.5320233677831325,1.4167734350909302,-0.6384011740615175,0.23833597048513758
4.0,2.183309796258773,3.857771498866897,-0.13299182606473722,-0.01027626544988469,-0.3943782833835054
1.0,-0.4996952927446464,-1.8514427112576597,-0.993624144222742,-0.2952179720635803,-0.007076062685296551
3.0,1.5026475061027313,3.4902853363650865,-0.8166860257934684,-0.26220998862751355,0.30888274480201283
4.0,3.1416597135037834,-1.917287446855049,0.6013422611685053,0.19008972709161573,-0.13593157072264891
4.0,2.771746302633578,-2.0063074225375983,0.37415442429343,0.01430221321659163,-0.12145102332437609
4.0,2.991766304223213,-1.979239137353879,0.4743626431313006,0.15234561626685791,-0.05167385095218493
0.0,-1.4366461328361795,-0.022916203718732143,-1.4731412631328509,-0.3021561496638764,-0.24610805148229323
4.0,3.0624448058944083,-1.9478808267227303,0.5284368160075397,0.17335086655759724,-0.09551540233740377
4.0,3.0916854727744796,-1.9396766814625475,0.5582985475989911,0.1785725153072102,-0.09576949609269783
4.0,3.0765232773593874,-1.9436674061879964,0.5418190660272577,0.17629276117990747,-0.0974962517544966
4.0,2.3419394397219797,-2.2073598353529778,0.041737229862479505,-0.011032523712767231,0.18235662096856228
2.0,0.7848872026629388,-2.3997013615622635,-0.6259929546610202,-0.30631924380298386,0.1919614204287734
0.0,-1.7868605319984472,-0.5595480300790476,-0.89374111937716,-0.06895324551393463,-0.009408447619834306
0.0,-1.5655703249857937,-0.7748309159264412,-1.0186529968215399,-0.23621775893507188,-0.13445922197304533
0.0,-1.6988192281170038,-0.5568478044193401,-0.9923603378967274,-0.04363270218089133,-0.036916444589134935
4.0,2.351579607022757,3.8225832591609845,0.3261376969703259,-0.4019415881317522,-0.19563786732688118
4.0,2.868015092812731,-2.026008964449478,0.3768645163317054,0.1155401312201969,0.008302415429934573
0.0,-1.7379091635451438,-0.8003085477643301,-0.847976988272153,-0.16221244293640666,-0.12206517541524489
4.0,3.066007797083942,-1.9431628065725404,0.539785500796666,0.16182628835424517,-0.1072715585021929
0.0,-1.6062852216341836,-0.5475354392351531,-1.0651910110136509,-0.12372739605105444,-0.04538374485462611
4.0,3.212589333279122,-1.883916957369415,0.6660253850423548,0.20160712844516118,-0.1910996999938431
0.0,-1.6413693076720333,-0.6107870864976986,-0.9594290884708365,-0.07894786230871058,0.06288647548861032
4.0,2.6337651068549963,-2.1132354969820275,0.21400097939661594,0.06739552261371455,0.11489432387647663
0.0,-1.7725026391152416,-0.5788697949148153,-0.8990161795464238,-0.08622569316167793,-0.036876708938110535
0.0,-1.7483074798983003,-0.8896206985771075,-0.8286379823262879,-0.21774773579607767,-0.1852138755866274
4.0,2.6207087064972536,-2.1191817033146934,0.20511378417813383,0.06553242646991947,0.12057927886972424
4.0,3.1205395472638187,-1.9224112784681922,0.5847794435374686,0.17852543344778085,-0.1258893710336984
3.0,1.2530162269902558,3.3085265857824906,-0.938632723289605,-0.2731499420849921,0.4738181710193933
4.0,2.930899055062531,-2.011079298962769,0.41631927698557497,0.15788101483953995,0.0045114938886520834
1.0,-1.2914025837322733,-0.9150557576793595,-1.1863529825223784,-0.2085116324410375,-0.12250771886708266
0.0,-1.8725927039866035,-0.6612237364291853,-0.8271036681427358,-0.14736776434095117,-0.18401153120919939
3.0,1.7338994591210237,3.6363617737543605,-0.674913506220819,0.06995045588292584,-0.12338965548197027
0.0,-1.3988976546353296,-0.6399268744897108,-1.2794225814723756,-0.08358426133051242,-0.21517661062174256
4.0,3.1529715866674892,-1.9069986177496783,0.6143927147277538,0.18490676323801922,-0.1523831439494062
0.0,-1.49191022080647,0.21655150807642437,-1.3868019130878075,-0.026401927797636122,0.08206306223386108
4.0,3.0178551900765678,-1.9604027844944723,0.5044852458933089,0.14327962698462565,-0.08426389162373019
1.0,-1.3424260394616658,-0.5658344291529791,-1.3060786345177589,-0.18034837293615388,-0.11738099626449493
2.0,-0.16228584625152176,-2.0189625974910403,-0.8466376425535342,-0.28441170486677264,0.1669024996832991
3.0,1.9378532950271847,3.660368117918305,-0.43853113840721486,0.4836778150918392,-0.3772598442054055
4.0,3.158354286202204,-1.9069034602919526,0.6170764908386411,0.19209164803920373,-0.15037381660990617
0.0,-1.8639555587243954,-0.4589261070997791,-0.8896908837436249,-0.1813836754910048,-0.11825658489632523
4.0,2.888360391372206,-2.012679355157,0.39531231941464945,0.1125367646126019,-0.013102853024738188
3.0,1.1613185554109178,3.0457635746567417,-1.125463924051621,0.9678172985121448,0.05632750052061798
2.0,0.5791383560323433,2.663039324682845,-1.39428101859353,0.9478563930666574,0.2243997609607228
0.0,-1.5682964869171205,-0.590418544258211,-1.1197764598586224,-0.10875606951667083,-0.11715495866179979
0.0,-1.5645266403107305,-0.683962938806794,-1.0519919221389078,-0.16168465774276167,-0.10131377403276845
0.0,-1.73566396240342,-0.5600518521338135,-0.848898387541867,-0.07297170124856725,0.12950000252145794
4.0,2.4441564908848656,-2.182664912581448,0.07904683085343221,0.03197440067451441,0.18900489252582767
0.0,-1.8274225928001901,-0.6376330157235521,-0.8021591279318419,-0.10499688531812916,-0.00472817087247906
0.0,-1.9102071008361527,-0.4669710538347633,-0.7572274464556406,-0.089670688750947,0.0653605834898353
4.0,2.5941681031001504,-2.1118622332562405,0.19694867312226777,0.035791201377959506,0.08371400748885638
4.0,2.460998368646815,3.774294055165406,0.6363329650569615,-0.5472198826646782,-0.14871332972635523
3.0,1.9146643643386516,3.7516397033588027,-0.47651694038893966,-0.15562666860844981,-0.12015153720165347
4.0,2.6303989220765502,3.5838130391560585,1.3011314186472291,-0.6164313820887138,0.16006555122075425
4.0,2.8201680961776625,-2.0609957842112543,0.3214289583236452,0.13998953109798162,0.07915706390272743
1.0,-0.33857337268491844,2.1813589281024206,-1.5716695895478878,-0.4195962182811035,0.4610552600399868
0.0,-1.4978286365155866,-0.11915229104915599,-1.3843358613308279,-0.1296457926754583,-0.16324857289044226
0.0,-1.4665517724453858,-0.4427684316074837,-1.184559963741805,-0.07386712354994518,0.02920974987398126
3.0,1.823452644051669,3.5675082658781156,-0.5440345969436688,0.5831847980837268,-0.3185413749572527
3.0,1.6439829195994977,3.437339819164472,-0.7344132982742401,0.7312819888375754,-0.2215916460750957
3.0,1.594082954149558,3.490180447859205,-0.7758903085966109,0.3893664499010905,-0.13200467681602235
3.0,1.7091385130464531,-2.357116085223758,-0.29417205040529915,-0.13751631830908523,0.2725259778258115
4.0,2.2893049597039234,3.740779912863707,0.33055234312366377,-0.506952566392588,-0.00453719273825287
4.0,3.2002567931876778,-1.8851494170269483,0.6577622914374562,0.18863289350690787,-0.1912922092514383
4.0,2.5137763814740124,-2.1475247578025365,0.15360006178377225,0.02229970761507846,0.1328783095419307
3.0,1.5816495345075183,3.3615585158387606,-0.7997418986245144,0.8535395770822898,-0.17612665178890416
4.0,2.6490740049263413,3.5221753971849035,1.431053632405072,-0.6362674498689243,0.2513788962624502
4.0,2.645884095994886,3.513121533866894,1.437072948776357,-0.6211964909884199,0.255384771124036
4.0,2.537557354040499,-2.1527837997428843,0.1430687756353163,0.053880949380272346,0.16127065663555407
1.0,-1.2584361917060556,0.23822474579509056,-1.6671512066807324,-0.028621918944849122,-0.24677769413741635
2.0,0.276917145473739,-2.2096908012307996,-0.786012826925267,-0.27890451935761795,0.23442161971333697
0.0,-1.608521444298459,-0.7525442590586376,-0.9741746185663966,-0.19460410884122856,-0.09626744905023246
4.0,3.0817999013869843,-1.944479942867008,0.5483810834127912,0.18373735220345508,-0.08969722127101759
1.0,-1.1046038122097368,-1.3957525069438843,-1.030470645027507,-0.25950765373281914,-0.06129518082690683
4.0,2.649573567141595,3.480385586864496,1.4926191003304958,-0.619349700004611,0.3026993846516451
4.0,2.472243085275651,3.791880136039332,0.6342758709515588,-0.5288938476178848,-0.17500897568143045
0.0,-1.7185972678876065,-0.6343512804937991,-0.9274918433825555,-0.12084733151827619,-0.08814363615907596
3.0,1.8123616030482645,3.6393757308443693,-0.4545538103207563,-0.3908607493335577,0.20390125921265673
4.0,2.651122773852828,3.5024074579303144,1.4642058032164331,-0.6303476168798376,0.2777360127745033
4.0,2.373286850265454,3.817778724036655,0.39099095575005616,-0.5071011188852513,-0.23176072255867977
1.0,-1.37345367585773,-1.100710506251438,-1.030231156725312,-0.23031955942528487,-0.12410929817688324
4.0,2.5952662396055577,-2.1230204092270415,0.19356593402462624,0.05329427790730758,0.11889431242058325
3.0,1.1792201795508594,3.116535319447055,-1.1471048556955403,0.8248323805944267,0.06099944949471738
3.0,1.9228805402162523,3.6426650572167754,-0.43763736977849066,0.4851730978811607,-0.36318961932828475
4.0,2.8775609028849205,-2.0270238020013576,0.38002477635533166,0.12840091483704288,0.018973448937608
4.0,3.0817877920564443,-1.9438503613626132,0.5452693162319986,0.18193839007400914,-0.09447389236219648
0.0,-1.5510723263942228,-0.202824905379245,-1.2645178388857437,-0.17867059012988876,-0.09539039875788041
0.0,-1.5227070039456745,0.25799068799016744,-1.4604089567889391,-0.200988564151702,-0.13845474730538992
1.0,-0.8538746072684446,-1.7179529401215512,-0.9940621251158965,-0.3535538119513931,-0.1500027563165983
0.0,-1.5835019160052124,-0.8283977325071399,-0.9158450678863009,-0.1397670784313357,0.01614695238405014
1.0,-0.9365354983819564,1.103165835763697,-1.7025477415406614,0.4572513243143308,-0.07253959690643864
2.0,0.05239097403871029,-2.1244814997034824,-0.8370442482890615,-0.2940255159745549,0.1586777610929101
4.0,3.110231589448412,-1.9296742319673643,0.5724301353006674,0.1818665880166932,-0.11469664668601993
4.0,2.4770011067362168,-2.1571097700909663,0.11983440187552204,0.020239098305283115,0.133005073455873
4.0,2.9920673523404275,-1.9861503087884753,0.4672013385709939,0.1634893816322026,-0.026997417276204666
0.0,-1.4635843970371727,-0.41939221602248766,-1.2391918386983434,-0.054299346881013746,-0.03751769212096245
1.0,-0.6773908972656552,-1.707278306802322,-1.1331776997935559,-0.2810218458288379,-0.17977234623969776
4.0,2.5051069842104514,3.794825926743302,0.7023727717852795,-0.5322349535730331,-0.18884576614524895
0.0,-1.577291382092682,-0.5540454228439872,-1.0030493755321184,-0.13623366589280433,0.083627102955876
2.0,0.10895320854782777,-2.2060201352410704,-0.8387936292674588,-0.32599415361342216,0.09702485071716764
4.0,2.6410648808563604,3.5498817525966198,1.3732333890822548,-0.6196591990913551,0.2049300177567123
4.0,3.1405201752825045,-1.9174989452196873,0.5985590479578415,0.19430543412509854,-0.13305588549343378
4.0,2.9654104829279446,-2.001460834450529,0.44046139005121204,0.17272258111830746,0.0005709906966431196
4.0,2.314458972418128,3.7988090440767404,0.2864361288444426,-0.4522757505836532,-0.12690241223848087
1.0,-0.5314925153124203,1.6127923797938304,-1.5653363882299325,0.9317021709499893,0.22820962781906293
2.0,0.8428393446849185,3.040756921570443,-1.1528221920030175,-0.31491758519021507,0.6216084319338409
3.0,1.9506764104154597,3.637346285223317,-0.38935486003218844,0.5405818792396538,-0.40169055750714966
3.0,0.9332057187964711,3.1435026856821544,-1.1203362109033344,-0.3820988330502792,0.5321147287396173
4.0,2.897949103436394,-2.0206408739239237,0.39382152767784157,0.1367272816998048,0.017845973698931178
1.0,-0.6336271491677803,-1.9222275496530397,-1.1245654843482464,-0.4418911281974523,-0.390218205023569
4.0,2.813559875172545,-2.0521644563350816,0.3319596350670702,0.11476559204234985,0.03905581060696766
0.0,-1.4825394893376238,-0.35786231525357576,-1.2114826034930317,-0.07976751178804575,0.024535364336976465
4.0,2.5269665473154532,-2.1569947971338617,0.1298330114443616,0.05931474966969669,0.17126826760499755
2.0,-0.03449753708671724,-2.085725206673896,-0.8342268239597025,-0.2915376206823521,0.171263012735526
1.0,-0.2721980141756547,-1.968508674746168,-0.8949426655872087,-0.2858985266069782,0.1300407663979536
0.0,-1.6235495913318485,-0.669954390282644,-0.948585605607687,-0.11863692659509655,0.03275347862172748
1.0,-1.3119280895547234,-1.139096464995532,-1.0842618518436984,-0.20904611437139947,-0.17192597583655025
3.0,1.8818153356224177,3.5991294502606905,-0.4923845179363555,0.6248951597084109,-0.3760375700749938
3.0,1.4756031154368734,3.3354954969736337,-0.9301301626730368,0.7693881037524571,-0.08982717975774959
4.0,2.3118072916454,3.768753838528919,0.32989102552270255,-0.49229489894179,-0.06242242691638546
3.0,1.7930522685560997,3.568878588971881,-0.6034523465701885,0.5585319658337043,-0.28411898486783005
2.0,0.15464971496795893,2.251175722211438,-1.4700276988261929,1.0538429176734683,0.3085669949144302
4.0,3.1540401221245866,-1.9126116006855396,0.60959815545427,0.1994995129147482,-0.1386619651963853
2.0,0.6102091119751986,2.8981528652460273,-1.253449428737626,-0.33119424442241485,0.6092553435391609
1.0,-0.9802715542447847,-1.4164501986280476,-1.1411627343196236,-0.29130178595765294,-0.14308007316708157
0.0,-1.7134166700233373,-0.7107477113904401,-0.8873525662348489,-0.13478396903614967,-0.031127232876993767
0.0,-1.5843165422534042,-0.586330129215898,-1.1016178930106808,-0.22581650483948865,-0.15304866783932275
0.0,-1.6832655717450782,-0.5159286851436222,-0.978666889933622,-0.0878805822440656,0.021955381293262837
4.0,2.6520480131356052,3.4989406738069344,1.4711591949397766,-0.6277178825609406,0.28228966644948295
1.0,-1.0980005188319526,1.1761262331557403,-1.5703461705595494,0.3363655334828086,0.09214329856941111
4.0,2.1641651706247775,-2.2527740482936194,-0.05700870060591377,-0.0606346092182157,0.2015269048429351
4.0,2.879011102121842,-2.0236928950896127,0.38354347876009925,0.12382089799072606,0.007850760259907785
4.0,2.7766527603290925,-2.061595892736192,0.3124367577860915,0.09493530853038196,0.054225275752936695
2.0,0.012517989856994776,-2.073815819565259,-0.8206439312421056,-0.2726919095839604,0.2034944039539111
4.0,2.1933614150217866,3.756522614595381,0.10470524390147934,-0.4510640903943239,-0.017345229266497935
3.0,1.7379752646634268,3.502326999590516,-0.6643742485363561,0.7066525163318235,-0.265972936972655
4.0,2.9038509495413334,-2.015275408586791,0.4051859094317998,0.129218895034074,0.0003203562705801409
4.0,2.9312341278637564,-1.9975596810775331,0.43167616624397703,0.12452173730893921,-0.03236128170586685
4.0,3.0293160244171036,-1.9707912108135712,0.49674166959754573,0.18030885306424357,-0.050604297911355484
2.0,-0.1984984540370431,1.8963801772711935,-1.4802868537898974,1.1232989648538532,0.2917799670374276
4.0,2.6397702966531686,-2.1052866576835765,0.2184139622183217,0.060103220628904545,0.10455424702982745
4.0,3.0941957045631305,-1.9361003725594437,0.5610606514131538,0.17629724988351553,-0.10795415172062892
4.0,2.386986892254125,3.7951880040786388,0.4510995314159576,-0.5085799629660755,-0.12507395536688676
3.0,2.033088935259892,3.6705769505361885,-0.28744261722962827,0.5737862691074266,-0.48591660344297133
0.0,-1.7319574122511179,-0.6480941835738006,-0.9537383774420254,-0.19294270293526056,-0.15941573655929145
0.0,-1.5261886276436847,-0.6920320613347342,-1.1230719228610233,-0.1789062534941776,-0.18411105817381204
2.0,0.20765515845399457,-2.1563226051334046,-0.7802764892954465,-0.2672604036256322,0.2565391383921588
3.0,1.8492189464290467,3.568267711556619,-0.5228829532217469,0.6576889911968551,-0.34927618244200176
4.0,2.69478572072624,-2.09468967740466,0.24474872551230614,0.08548561201267024,0.10438107022441509
4.0,2.7995745208993608,-2.0560768493365025,0.3204519559288631,0.11459169566690941,0.05716003542000453
4.0,2.705768441462055,-2.0824061887347916,0.2662917273445745,0.07667052305732446,0.06698799465492061
4.0,2.913764511410474,-1.9914798509913012,0.4265471064575906,0.09545889836617576,-0.05600176286312483
1.0,-1.2507834531053545,-1.0451326637011247,-1.1502905483288448,-0.1848547945154818,-0.08677368399133531
4.0,3.0448774114323887,-1.9513198086456178,0.5221743678104949,0.15549225163718142,-0.09578377694573115
4.0,2.9142387943713217,-2.005101113228947,0.4176862609879699,0.11354182974738014,-0.020273569645904897
3.0,1.9214226761281736,3.653830133893571,-0.4635158134788493,0.4793334456666769,-0.36582069496287334
4.0,2.5320997856877745,3.775407943981372,0.8035252751623154,-0.5829524925746639,-0.09279864649502216
4.0,3.1277978322476536,-1.9278633440424902,0.5836240024667315,0.20203188883256887,-0.1146573351628063
0.0,-1.563119010553915,-0.42114069410831956,-1.1314542209301344,-0.060013505755328975,0.026313918109328465
4.0,2.073422884271431,3.731736855390438,-0.1007216858062504,-0.4226692109599934,0.055213149146548186
0.0,-1.4542275773662785,-1.0581321756541622,-0.9843727763195836,-0.26693008587702444,-0.19374958169791487
2.0,0.8524777930148237,-2.3695712743308186,-0.6162370490449985,-0.25733812128857353,0.29480206664610736
1.0,-0.6071389665854967,1.5483361189736173,-1.5334183792986864,0.9291039962221892,0.2005061151210205
4.0,2.4903953001993098,3.788413014760002,0.7001104252130149,-0.5253317716419252,-0.053214371903978056
0.0,-1.6138849508304365,-0.849756925333821,-0.9520605105291156,-0.18727640248709243,-0.13226171391549005
0.0,-1.4157492720749443,0.4781819698950096,-1.5700520373103641,-0.2502723180938664,-0.12839804722928658
0.0,-1.7530250178530948,-0.5766740911565595,-0.851339664307986,-0.08572327619837815,0.08543834547641627
4.0,3.1262091187540224,-1.9237917208251802,0.5853442190183014,0.18730755669302834,-0.12390279197100487
2.0,0.37913456809949575,2.4474746628420014,-1.4381324269658966,1.045828492628644,0.2832242599368416
2.0,0.36369310006911043,2.403852935736543,-1.408976675506088,1.1145874874627606,0.28481189010810276
3.0,1.9241372325992114,-2.3148534818095925,-0.19697302925878343,-0.10426607525315118,0.24521029560319896
0.0,-1.4244072834924264,-0.8382440982454273,-1.0987983904845975,-0.14753182700702858,-0.08041593137736602
1.0,-0.6490076776504412,1.8695126678760627,-1.6853537130932363,-0.4157551824112481,0.2867174096766343
4.0,2.431120782082416,3.782218477359519,0.5681901942944078,-0.5378662828473246,-0.11091620524628615
4.0,3.023974272794159,-1.9651485800851525,0.5027839550030099,0.15961686488697113,-0.060454464109682596
2.0,0.05833562025291749,-2.102521327159865,-0.7879657717621563,-0.2764929580002574,0.22039467078054045
4.0,2.7051580691672727,-2.0962788678935995,0.2509079258942861,0.09532222260937506,0.11258481317929078
4.0,2.652068522865771,3.4000600649678456,1.6149773643818124,-0.6056211596792472,0.41998547621417787
4.0,2.6419610161007983,-2.1004767658689385,0.2329581708962538,0.05202167128272855,0.07783043777970208
4.0,2.166954264677086,3.7487982168532703,0.06518984150729233,-0.4729714546821664,0.01749970126566036
4.0,2.142314107775363,-2.259889602153308,-0.07759756079899335,-0.05429192671241192,0.21251949441826395
3.0,1.2806767439810638,3.1716817771834833,-1.068196498569835,0.862952186125549,0.009514882657033935
4.0,2.6527984450537727,3.4340226722386333,1.5671217247044862,-0.615826477647412,0.3722740972174992
1.0,-0.2904089579887723,-1.9954166542217613,-0.859261338965964,-0.3065589474880061,0.11398520659725506
4.0,2.4175532361607117,3.7629779467475735,0.5585802449782242,-0.5596080155951141,-0.0955632114912705
4.0,2.4174300368681916,3.7955764452657097,0.5126013440378565,-0.49852950262405277,-0.14971509539186936
0.0,-1.5816547444198514,-0.7874771123685214,-1.0147388526973495,-0.14330962954958504,-0.11280269601834328
3.0,1.2978453128589216,3.1439421038828366,-1.02739958383766,0.956889569823753,-0.015313226374151596
1.0,-0.4472911074206805,-1.9287698641928412,-0.8936013922676128,-0.3197910999779925,0.06842110784661284
2.0,-0.030904784623694614,-2.0734412999186285,-0.8464244177380627,-0.2824320086200858,0.17238230714110991
1.0,-1.184788325500297,0.8717789807991387,-1.7565399954398278,-0.3174184977883218,-0.14177935954289847
0.0,-1.6743535995156595,-0.5413022637236945,-0.9110896612144491,-0.06490393485250044,0.13437775174497996
2.0,0.3597578625969564,-2.230181717412609,-0.7553880657577071,-0.27335324419139556,0.2501591467785118
3.0,1.8957069534070143,3.632520658752139,-0.4952629838359356,0.5144248414083675,-0.3484538996544714
4.0,2.6500145286016212,3.451640676573351,1.5353261736884862,-0.6164570477077168,0.34236062963179004
4.0,2.412582685227984,3.800894727296405,0.5001862575428654,-0.5101818716569093,-0.1430794034246175
1.0,-0.5614522453237607,1.690930659388905,-1.6068373419260682,0.759968433421911,0.22317541776861
3.0,1.8550469276624195,3.723420480480651,-0.5854059038551064,0.002580924634103242,-0.17703489506399436
4.0,2.2964261647199247,-2.22088207107848,0.008648280604632458,-0.01490220931391368,0.19880809422383994
4.0,2.793161608145796,-2.054597337153551,0.31660849311523603,0.09686174941409381,0.05774854103329924
4.0,2.919311155175304,-2.013887910679481,0.410125263733648,0.14353939738441804,0.005068835015156745
1.0,-1.122717569030541,0.8289782474905019,-1.6384812098952457,0.3037648414676395,-0.03747790828915312
2.0,0.5681877768348836,2.868513701655231,-1.2577777636252494,-0.33714683235827664,0.5987751289132506
3.0,0.9220358335344436,3.187351495489877,-1.2343666817839363,0.03528255816803548,0.036128921431039046
0.0,-1.5203479253155425,-0.6913421543100606,-0.9899441682774525,-0.06364945367067665,0.11898409805029227
4.0,2.7487450947755456,-2.067954407772864,0.2910494261564959,0.08183469667027414,0.055155222432057
1.0,-0.3124537246697378,1.8545153170331845,-1.5253779327927077,1.0080402294743112,0.24644927089434537
3.0,1.955066599013346,-2.3000706536886804,-0.14433158117201397,-0.10535202345540008,0.20121228913576217
4.0,2.1871700345620106,-2.2405358441921006,-0.047400919601228234,-0.039247364745997396,0.1795686748990666
4.0,3.030334429516765,-1.9608914415334997,0.5082266873790643,0.15674210013505874,-0.07317351407422482
4.0,2.977648763632594,-1.9927647234731682,0.45112508851081107,0.1720727284589786,-0.020233848656631664
3.0,1.4026814517277306,-2.3998890690701296,-0.43167139512626906,-0.2174359751525123,0.21281640603043103
4.0,3.062552832140681,-1.9559580758568487,0.5251689864792083,0.1862399235640484,-0.07457943305159351
4.0,3.043610702635474,-1.9655762206738716,0.5098508760069639,0.1822213723623618,-0.05458747500485507
4.0,2.753911564787867,-2.0695105309829476,0.2873266167824367,0.10229247213078194,0.057847951403115785
0.0,-1.6680009990287208,-0.7359562690535834,-0.9293549552627728,-0.10639381141030926,-0.051463706381190744
2.0,0.5690341647055162,-2.4218733143831503,-0.7529907367389422,-0.39377461367670974,-0.09733083777236841
2.0,0.4593042120003286,2.8973466004106228,-1.3581842147827201,-0.4072683057008854,0.4498156121957185
1.0,-1.3239305020279475,-0.02823283778069378,-1.5799450775536135,-0.1671977881391295,-0.35266740815268394
3.0,1.9180464881704475,3.654138530337714,-0.48098597492090184,0.5117497568489049,-0.36617788721061867
4.0,3.0609531497557447,-1.9430900053492235,0.5361137151726962,0.14956425793983316,-0.10328107459229759
3.0,1.8039037030927019,3.6970931372793556,-0.6494389567010711,-0.0702900269127927,-0.08243767764810273
0.0,-1.5447990765205777,-0.7941487976039665,-0.9972030498875224,-0.1717683613241545,-0.07231676450564146
0.0,-1.8351366685450037,-0.5889178040584109,-0.8594524375859213,-0.17489832048835635,-0.10009934204190948
0.0,-1.8221435580931935,-0.6600410709646547,-0.7923058932308149,-0.09914237935064062,0.009762454191311384
1.0,-1.1201220425978589,-1.2390946691894764,-1.1987616463180093,-0.24142339432066864,-0.20377173940504134
4.0,2.4928673020260135,3.7979780850720575,0.6786090015061631,-0.536220817091656,-0.150652626770849
0.0,-1.4554469984029061,0.06961515904343472,-1.4534811147603874,-0.06807671223020634,-0.1340116300660956
4.0,2.8392851714416594,-2.03813850258358,0.3550181309629415,0.11322938845780742,0.022567727922280977
1.0,-1.2640137397404885,-1.2038715583312067,-1.0685906449867206,-0.2210457945989145,-0.12855924980655417
4.0,2.0830870415570297,3.7443854476463883,-0.24477475151918737,0.3568751507990606,-0.4489913687758913
3.0,1.6496839715014118,3.4545206484632116,-0.7522723882473324,0.6581801083131754,-0.18501463742192212
2.0,0.04804981076292041,-2.0791835519558175,-0.7674488718472567,-0.26017680758532047,0.2759463495927823
4.0,3.168850056808453,-1.9024684478664369,0.625967900166767,0.19501321619440198,-0.15978902970906397
3.0,1.0824402002815865,3.031547670638041,-1.1923142148462904,0.8918596438344006,0.09345263955204171
4.0,3.111091128239144,-1.9337427123174866,0.5708185356525145,0.1951503364987869,-0.10466763191424908
1.0,-0.9921354081943217,-1.7150403285384326,-0.8913912971041478,-0.4128944913802514,-0.23908191422303526
4.0,2.532724728562747,3.769261056651642,0.8162595496951964,-0.5787886537190664,-0.07369439838678084
4.0,3.0362251862399896,-1.9638991442378,0.5055906357160264,0.1675653757488492,-0.06052006031316844
1.0,-1.0152541093387848,1.1133975942357972,-1.551541617270218,0.5647352791586139,0.21815230980824443
1.0,-0.6013444727794253,1.5594002376056175,-1.5370508335899653,0.9516362529230702,0.2777959065155327
0.0,-1.5243413550043077,-0.31366388824997177,-1.2187252122020227,-0.41094316773180384,-0.1672366476656466
0.0,-1.5288720067354216,-0.4318940772934249,-1.168029697585548,-0.12161538090601609,-0.026258426561362153
0.0,-1.8518044315854576,-0.6380915833100981,-0.773925403058366,-0.12940985147020828,0.005589099394941668
3.0,1.9521270588994273,3.699629583185595,-0.4358782632050034,0.34575241816103186,-0.3517816809866432
0.0,-1.6650884019665353,-0.8879499145024651,-0.8883268380881271,-0.19464805963002293,-0.1395105317425127
0.0,-1.4521245172333788,-0.7955614704503481,-1.1165815199256837,-0.1642928650534659,-0.11569065729953401
4.0,3.013460652006143,-1.9723640754433083,0.4949745692643613,0.13291057911888304,-0.03062556803130076
4.0,3.0235185937458655,-1.9705931936052443,0.4970652536453887,0.17099585128877937,-0.048079690325725885
4.0,3.1555565277639848,-1.9110959524711975,0.6118963071144073,0.19693254706783297,-0.14403942180606805
1.0,-0.43522350390121195,-1.9788176052250657,-0.8924119839236231,-0.34684436382775535,-0.004830465187399425
0.0,-1.4029936857940284,-0.38534435230657715,-1.2966436070623786,-0.20379122252971293,-0.07152521951520846
1.0,-0.44764032448119495,-1.8677959725977415,-0.9030637583055403,-0.27260013165940256,0.13253989023022023
1.0,-0.871157630573088,1.3692811134490903,-1.6250353476124177,0.5553230075743897,0.1394539169507072
1.0,-1.3262770170348297,0.4933641820056655,-1.6199890258719485,0.06295744098025649,-0.06288903008644127
4.0,2.06788168139878,3.7096125398947986,-0.0653035880662003,-0.4605487402260076,0.09717172172990725
4.0,2.8842510544433564,-2.010997912402157,0.39747645447226104,0.1034376113676295,-0.02239345630906606
4.0,2.955635222340474,-1.9966207467850026,0.43737248133879403,0.15851304626549,-0.02064695217893968
4.0,2.8876481665648424,-2.0115301614013257,0.40109534360559607,0.09935713814852713,-0.002655587082041596
4.0,3.080367801413904,-1.9417710877683767,0.5463582084980222,0.1716863403924996,-0.09848209574442743
4.0,2.976147691808226,-1.9900172315268299,0.4610992284939286,0.1362672480000666,0.0012189756121702316
0.0,-1.461247131583966,-0.9100957705479886,-1.159602745133967,-0.3022202260537339,-0.4576642158378218
4.0,2.3317405917529133,-2.224346106007944,0.0020015850664176224,0.017703584788022662,0.25085667979024906
0.0,-1.5868355747223986,-0.49043372377261124,-1.0590457508834996,-0.06506931711359291,0.048371753898843094
4.0,2.2721644816857887,3.7810426373130577,0.2274620571670314,-0.46644869177720794,-0.07677547534348272
3.0,2.0037787886539586,3.7272253133886166,-0.3903322753126076,0.3832203112920596,-0.4245033817983863
4.0,2.2013990439743285,3.757204387747457,0.12045529935387551,-0.46141592033473733,-0.014249048216952317
4.0,3.043865699082523,-1.9381581538734105,0.536382605769785,0.12687226030390875,-0.12868201897319048
0.0,-1.7080234419134845,-0.3015641566883386,-1.1290952897975821,-0.18884271651320753,-0.16126289130384758
3.0,1.798126081243346,3.5298001262044894,-0.5851601128327456,0.7067014413023323,-0.31884196113384744
2.0,0.21059822668808248,-2.1757827041282445,-0.7958538229304309,-0.28624753805227166,0.1934152710177981
4.0,2.1071569877960035,-2.2752120477253013,-0.10711599081361675,-0.0463338545853366,0.25264655088215754
3.0,1.6679994482908578,3.443810503069992,-0.7302533705066722,0.7527425361924631,-0.214271395223481
2.0,-0.14982480610424925,-2.0154648484736564,-0.8337053363067572,-0.27560777535056047,0.1838579556484925
4.0,2.2727302366784725,3.750654959284314,0.2781609309144414,-0.5110721098136287,-0.00644246029279588
0.0,-1.3972921854917304,-0.4964262742571409,-1.345255121537359,-0.28687423053514116,-0.3154980689859733
1.0,-0.9391128608360481,-1.5178930475333463,-1.1362986977200213,-0.29831690128025534,-0.15502415276679107
3.0,1.9757117539626154,3.713591228177278,-0.4090166682111309,0.34600376879541345,-0.37061884929581834
4.0,3.0415186035241826,-1.9528491174364953,0.5201033362568679,0.1515344991540298,-0.09201271963968857
4.0,2.78287869783478,-2.0564748385803204,0.3191047567948343,0.09125494014337283,0.040519133919673246
4.0,3.0586927211331267,-1.9545646487917658,0.5251734095905127,0.17672830696423947,-0.07638133646484062
0.0,-1.508382870672271,-0.6807763483073394,-1.117771387341859,-0.2915463855633389,-0.1585930435576765
0.0,-1.4379747344746434,-0.8652366850762212,-1.0521058670633099,-0.16277337310994316,-0.035472145114584436
0.0,-1.7752882576043998,-0.8494627174599151,-0.7897971200775884,-0.20504389162048242,-0.14080872214954993
1.0,-1.1820837380975102,1.1108292966591728,-1.7264733341055536,-0.37513200182461287,-0.1332217032207213
0.0,-1.4780764268698943,-0.7590051804805128,-1.0776296982907914,-0.14535005568787057,-0.04846317766958244
4.0,2.6510099814980657,-2.1035285454076633,0.23017390949444907,0.0663198687495578,0.09703440603050077
0.0,-1.5890688567577957,-0.7110142980405942,-0.9691286288594038,-0.10705851548440916,0.039048162011409884
4.0,3.06118590207879,-1.9551605264113143,0.5258243918645807,0.1818632215097491,-0.0662716938717618
0.0,-1.410272577956305,0.04154726307430398,-1.4796134643419583,0.01234394198812674,-0.10387736902945284
0.0,-1.6141266426620244,-0.4194057074641185,-1.0384220036911345,-0.02445630114222399,0.13642785640806104
4.0,2.8758567064960916,-2.0244570143021443,0.38604759576374587,0.1201860630362796,0.014604803984759426
0.0,-1.6066948698532373,-0.09906662102541082,-1.312321212051828,-0.408285985339436,-0.3037225236514502
3.0,1.0529203528272832,-2.4321359794103747,-0.5234341516932299,-0.30676021675305404,0.10539188606086147
1.0,-0.7886275778647978,-1.6247693728384323,-1.0626281799652277,-0.2959325538504103,-0.05008560484871359
1.0,-0.4693855983703087,1.657731375624711,-1.5175875884009231,1.0337336346406212,0.2889525802450815
0.0,-1.592845611005516,-0.3185695871095304,-1.2540061649161016,-0.024422837479190496,-0.19083137435630074
4.0,2.5042724772334206,-2.1449391113636227,0.13414043422368582,0.0238972070652108,0.11576118435459891
0.0,-1.440953234372387,-0.06817835928502104,-1.3724595879308723,-0.3309575875567317,-0.07750003393212548
4.0,2.3692036905577054,3.82367678264507,0.36337883716549824,-0.41299355127363735,-0.1969176183864221
3.0,1.6934864434222936,-2.354518502195504,-0.275090544921744,-0.16134192831817118,0.21086928443228387
4.0,3.1645382599649294,-1.9012749608402875,0.6252301653213493,0.18898055312748754,-0.16120553334565685
2.0,0.8100180514916517,2.8435505258624216,-1.3423576146121896,0.8662060040671429,0.18862421258813492
0.0,-1.468543039444996,-1.0762318207361445,-0.9633081108103909,-0.2120552229740358,-0.15687168100564156
4.0,2.6950300346278424,-2.0814465024499467,0.25727329546172056,0.062116552851649166,0.05431389761945284
4.0,2.8068030853893515,-2.055298257297413,0.3291679152170715,0.10616634598690723,0.06040342055887838
4.0,2.087468145184612,3.7422258154065315,-0.0859533005903875,-0.3980280858119399,0.0049293071260139605
1.0,-0.9719431393692669,1.324176857670852,-1.7728050476659314,-0.22126698213572904,0.06792709913213162
4.0,2.65270527344701,3.488541067163669,1.4878508215416681,-0.6362430108018122,0.3004679830741546
4.0,3.01481731422808,-1.9700601499871018,0.49075804380322824,0.16048584173932373,-0.058062093891305226
3.0,1.278807174613015,3.141217172592476,-1.0469841203305215,0.9373834618637118,-0.002071402229598654
4.0,3.063572102994485,-1.9362591156012428,0.5456212610224053,0.1453228754077307,-0.1296932414764324
1.0,-0.5747143796887658,1.954312384253358,-1.6513828438149514,-0.4440614152556836,0.34731486598685923
4.0,3.1078992043649114,-1.9312859858526081,0.5668875080813508,0.18557675353260009,-0.1098402068581676
4.0,2.381125589128564,3.8124995339293934,0.41351958870436323,-0.45535889282099395,-0.17295315568591013
4.0,2.299883568270559,-2.20729342036437,0.02990265623079588,-0.030297454881143798,0.14562637324986277
2.0,0.504917486388114,2.8353792225615697,-1.3004014066301994,-0.35862473472531625,0.5945067108162084
4.0,2.9114371614739247,-2.0076112894065683,0.41340760354846096,0.12766019731141484,-0.021067280535426114
4.0,2.5185641300598762,3.788605776314412,0.758682747530409,-0.5381663297451411,-0.08929991433705498
2.0,-0.108159690487769,1.9612445753387153,-1.442461857958418,1.183769248776572,0.34307169408540134
1.0,-0.5411287370405813,-1.85203271323458,-1.0304811119558173,-0.3513683038173154,-0.11872882237191405
0.0,-1.9196414306889409,-0.6160332803018399,-0.7567190663608862,-0.18067310236523035,-0.10019563225396398
0.0,-1.994710535341386,-0.5593083351001253,-0.7449966256081934,-0.18796835894334568,-0.21733681259797286
0.0,-1.708759845166291,-0.8146294902259109,-0.9106943034498249,-0.19005373838999617,-0.20795738265865343
0.0,-1.3935128630022342,-0.7268308956651609,-1.1650922406519149,-0.16476293553773722,-0.05441334034896303
1.0,-1.3557900294608036,-0.9049340191467921,-1.1224426448504665,-0.2289361107893019,-0.10120595600587821
1.0,-1.1858300004488713,-1.116556183887494,-1.200928915361391,-0.19973991409282882,-0.18309646329551713
1.0,-1.3121395132552682,0.5878081187155592,-1.5712804355230061,0.2552568453748433,-0.17386251363186966
4.0,2.3219659633881564,-2.219005891073517,0.010649289003206056,0.002484854243084127,0.21625877127616927
4.0,2.372488311323559,3.777720738111307,0.4470685439617766,-0.5254767893215384,-0.08640418696074914
4.0,3.2025585123927343,-1.884056244544297,0.6607848856712039,0.19444153712709938,-0.18984668389615925
4.0,3.012961512533153,-1.9732489683028913,0.4896347550379705,0.16162677746054255,-0.051252620248394845
3.0,1.0304916798365804,3.1914788291248315,-1.034502080240208,-0.41269432746854134,0.5528623501987453
4.0,2.4444413210149762,3.7728463666929244,0.6029064283063967,-0.553967419018827,-0.13375902879478047
4.0,3.025658696586879,-1.956995010985771,0.5094931679241872,0.1412377598021169,-0.08816417500538838
2.0,-0.1465351692954325,1.872654819128628,-1.432975827118274,1.248259457705429,0.40563842833745517
4.0,3.078892760393041,-1.945482747984998,0.5438419195068771,0.1882730915534378,-0.0842515674558038
1.0,-0.789720022761876,1.3936117146335147,-1.5336518874328982,0.8576139599460751,0.14789701727696697
4.0,2.3911660226329605,3.8507671526895577,0.37189057127217623,-0.39959268377029994,-0.25441518855361966
4.0,3.1468607644925797,-1.9054372326456748,0.6103923881705082,0.1713092942152781,-0.15979239089677835
3.0,0.9849691904892137,-2.430578798171791,-0.5782817904422191,-0.30634835548412775,0.1318168449868577
4.0,3.0382154108344825,-1.9641239818607155,0.5059160364009173,0.17537881582049564,-0.06031774311315087
4.0,2.6200762392028856,3.641487717605413,1.1951797271291187,-0.6307174071011551,0.09003081658387922
4.0,3.001143418758644,-1.9772330748189535,0.4812064392871427,0.15742934208480658,-0.046535816212959984
0.0,-1.7939355915562494,-0.6430880026789825,-0.8686210409318662,-0.16460149084525144,-0.08726996284871798
1.0,-1.3807759768761312,0.4202036634447075,-1.5563916227553831,0.008207178493435009,-0.015772355970761986
2.0,0.8093037881437016,-2.43405551514869,-0.6188835773500938,-0.34860288556134167,0.04878092183148495
4.0,3.0596120725628264,-1.9491410369496067,0.5340704187387297,0.16606428336037093,-0.08736403531533582
0.0,-1.6683161240668611,-0.8346815082966449,-0.9166447606241477,-0.16149233020168866,-0.1430648237897459
0.0,-1.5149417010569841,-0.8426799631467881,-1.0656622151329211,-0.15214133472566524,-0.16910127208630094
3.0,1.7359074516147068,3.5837649219477976,-0.6321022442680506,0.2654676891763354,-0.17189170584352992
2.0,-0.16455545234607538,1.8881363314957555,-1.458804870195566,1.1574693611877651,0.3028711205592024
0.0,-1.648445740855634,-1.0481616895559565,-0.9044713371266687,-0.29391471307199374,-0.33150787256487396
4.0,3.093068670947468,-1.9271077295715044,0.5679276868785931,0.15647396924635776,-0.13342422332438147
0.0,-1.4450876295061663,-0.5499748970099297,-1.3061473377882653,-0.09146809438838749,-0.2502156832396918
4.0,2.8290777397264057,-2.0438121778985705,0.3442640512934844,0.11065530153536052,0.0406608979175671
4.0,2.5561838373262384,3.722366804737254,0.9387783404088657,-0.6181713648451134,-0.01011637714925321
1.0,-0.4178750926653123,1.7955829636522411,-1.5380549605043503,0.9575111333254074,0.28248981401814166
1.0,-0.2968216799587511,-1.9444463048479794,-0.9864935085139699,-0.2902988137389947,0.027643667400225284
1.0,-1.0103076840695966,-1.3696093416650625,-1.1737072898751797,-0.27736850626512805,-0.19981925885092564
1.0,-0.2656119193306339,-1.9332157759094797,-0.8788116057304893,-0.2605102356133376,0.1824259786783178
4.0,2.6309933804310317,3.6350285799350672,1.228218388968911,-0.6431686180559489,0.10173042609462238
4.0,2.755380782593568,-2.075214367632148,0.2912063755365929,0.09861611180153346,0.08171908454628996
1.0,-1.3617516504789797,-0.7334552157487083,-1.238320106156043,-0.10207821768679737,-0.1402944189694598
4.0,2.649120225053228,3.47883644524283,1.493816814113651,-0.6184039196846909,0.30542651003088095
1.0,-0.6573057210595068,1.8149733291325254,-1.6564515599114507,-0.400142003313307,0.31855755766646526
4.0,2.5303984948972142,-2.147161254447607,0.14138255469186842,0.0449631719799958,0.14482226023346886
4.0,2.860117500482211,-2.0351505083290813,0.3629022640399849,0.13030369037709813,0.029666319624572102
4.0,2.765056590613599,-2.082576843026364,0.28171493402636216,0.12779503017645194,0.10348413485265646
4.0,2.9609270606919846,-2.007126244370138,0.43234511826989713,0.17805308155549543,0.007969219810283383
0.0,-1.6619951021819512,-0.8103265802946924,-0.9013824121916288,-0.11909622090671802,-0.05974633461979251
4.0,3.074800396418506,-1.9432737384795,0.543139609341577,0.17105208444210285,-0.100941854560456
2.0,0.6263008344450632,-2.3743827001170668,-0.6909253208741156,-0.3183462471709869,0.175470654078054
0.0,-1.5928282640949163,-0.2641383597774457,-1.2468104127898534,-0.02714792103312565,-0.1368517227034773
4.0,2.9631185482788074,-1.9876422308666348,0.45057445126063983,0.13540710585489435,-0.036124194563495055
4.0,2.1807381909177947,-2.168025971461476,0.044396609824902365,-0.1387835431342468,-0.0858726416185293
2.0,0.5776538810505868,2.626352683401104,-1.3961003329062602,0.9937276524262971,0.24134199092019115
3.0,1.2703034224120953,3.179642060224931,-1.0722055902808856,0.8374139796477612,0.007207580330994853
0.0,-1.5003550752979666,-0.16439901712453053,-1.309279770919972,0.015700095731523957,-0.019945842046351844
0.0,-1.5605339563007903,-0.15848079882562496,-1.2243148944383169,-0.04301546515424365,0.04263284412840304
1.0,-0.5182507697790972,-1.8208235807721782,-1.0753910579850419,-0.29747821724951234,-0.06910124505808737
3.0,1.5363842410756043,3.335323688359828,-0.8443410605996255,0.8534552030479814,-0.14872351558425062
0.0,-1.9181602501411665,-0.5833144140776028,-0.6944504773234456,-0.14516751980836384,0.05070785559551507
1.0,-0.9244066462602775,1.3795437407579305,-1.6701221061296037,0.27304926935438795,0.04644371008042031
1.0,-0.9467846293481921,1.2321633694743566,-1.718485757430604,0.2672877233425651,0.015693840431660364
3.0,1.9412077548516906,3.6807695962196547,-0.4247159650003118,0.3468858844354902,-0.33566131220281886
1.0,-1.2991449573819618,0.39374549902476286,-1.6181053482019097,0.14755558012229972,-0.15045515962664627
3.0,1.9763473023985043,3.675512226194102,-0.1893958477681558,-0.4404725983449852,0.15029372361806648
3.0,1.940907187168798,3.6474150628089848,-0.20892724164109597,-0.4684513602369757,0.21469637890265147
4.0,3.1484429813259154,-1.912813763597334,0.6082843698687671,0.189181060517608,-0.140523882747567
3.0,1.4129992537026936,3.4282785270767593,-0.7819398451264565,-0.4551369729110445,0.4150889684871707
0.0,-1.580001382387761,-0.41632253334644836,-1.1933566886326112,-0.06019187488885342,-0.14134539567476845
4.0,2.580124186802991,3.7094483860639516,1.0104694318254663,-0.5990948619601824,0.0026155412091555417
4.0,2.7142787475689865,-2.0766470140537154,0.27200178793904733,0.06777312143717074,0.0641321467529964
4.0,2.651283448314125,3.493785820347734,1.4770913583654202,-0.628494486114244,0.28892682253515234
4.0,2.6645664468992964,-2.113145630380765,0.21909221179129248,0.0955186920476528,0.13298277041661236
4.0,2.9188905984845226,-1.9807389671669329,0.440493077623645,0.0810867299406759,-0.08239228984767986
1.0,-1.3899022098738965,-0.752672016260115,-1.1358294144636185,-0.1237668572248175,-0.0025392215936373536
1.0,-1.317720740034229,0.5500810187900979,-1.622632441563844,-0.13671682298244228,-0.04384441081049752
4.0,2.5360389550089963,3.733665636893993,0.8796230035777503,-0.5910318241032568,-0.012667521897756924
0.0,-1.6203408868873903,-0.5648817903806918,-0.9597481802841075,-0.1171163545380752,0.09904770213858566
4.0,3.1190215908255245,-1.924984301928143,0.5788052218181184,0.18451023147531587,-0.12380381590919622
3.0,1.6705339592725994,-2.359893409119437,-0.3032116474435154,-0.1614790353239463,0.22682743141090425
4.0,3.1324935117601247,-1.9191282343269351,0.5924218938839867,0.18407018088390875,-0.1388979202530567
2.0,0.20358822471183563,2.6321509368431633,-1.4109152045577364,-0.36123619489327774,0.5573077442077867
1.0,-0.2482785741593791,1.9131301843456041,-1.5135435661921544,1.0526445591557279,0.3432892170419728
4.0,3.0729531255349882,-1.946235930546029,0.547640668724543,0.1530527468697927,-0.07453445595125927
4.0,2.8932721549864815,-2.0214775041501176,0.391532833577981,0.13397499520900402,0.008994067759812933
4.0,2.9425537069654166,-1.9787806179201353,0.44985689154923,0.10092732449436001,-0.07637565813416244
4.0,2.868682686619677,-2.0210709443794523,0.3830116016152936,0.10834683390053702,-0.01485793316178372
0.0,-1.5619076754904377,-0.2574576389590304,-1.2746085962942926,-0.06900957567610039,-0.1573388790649349
1.0,-0.9268597167904269,1.5752878113136057,-1.749490000890237,-0.4912533380151866,0.0879192297635761
4.0,2.8918731599135232,-2.0232587472120445,0.3944178741429778,0.13381910753318207,0.016111935922429967
2.0,0.4350717130137233,-2.279098132649091,-0.7340199253286349,-0.2884806946029463,0.2430572844789814
4.0,2.3659177658137898,3.7949916426948866,0.4027717632858235,-0.48608767561453936,-0.12455015408046675
4.0,3.077477585820372,-1.9378855828913442,0.5514438652659486,0.15952426028293956,-0.10924216887689862
0.0,-1.7396104168612443,-0.9275315927283287,-0.8443089499519935,-0.27001498620176395,-0.27923924538474076
4.0,2.87072574448987,-2.0304184045568636,0.3772505923082926,0.12525737818184488,0.026635027592519903
1.0,-1.0441365936207723,-1.297592189395354,-1.237458103866163,-0.2746863314001288,-0.2561847727425132
4.0,2.385637065437512,3.800645276068231,0.4355783548750686,-0.46359209270328794,-0.14774218952478838
4.0,2.5880268193367,3.714932415448074,1.0181075265327797,-0.6188319541786651,-0.005904036336149785
4.0,3.190666967554863,-1.8964083822663549,0.6429914008443621,0.20281707402252094,-0.170031700968671
0.0,-1.501037591072569,-0.41282646673846124,-1.242743639283533,-0.05866137652115805,-0.09025117675275712
4.0,2.2655141390213207,-2.235825249037816,-0.02246498870451261,-0.009259406185675998,0.23116577769624844
1.0,-0.2719501329746002,-1.9623208216640364,-0.8614135634912691,-0.2861317474656696,0.14845727461303926
4.0,3.0647764605236274,-1.9533731569394162,0.5329555446803154,0.179458444153619,-0.0731336889728472
0.0,-1.5879626740956239,-0.20566175203174678,-1.250109188216734,-0.29157161745474613,-0.1640957803064144
4.0,3.1201627435104005,-1.917293683694801,0.5901689017952401,0.16777541259096956,-0.14665421363590894
2.0,0.2005532058687341,2.3047124586552994,-1.4568290431226956,1.0000903596445658,0.20275254278496532
0.0,-1.5100458620683468,0.06585505411913137,-1.4088512984357082,-0.13324905575938265,-0.09974620037587432
0.0,-1.6919078211221985,-0.875958554396019,-0.8504255466515823,-0.1871998197232105,-0.10892145063517708
1.0,-0.9044354888367568,-1.6028333877725658,-1.0205558158288934,-0.2877027988808818,-0.056474615454355975
4.0,2.396679815742271,3.790776169956442,0.4767641642125945,-0.5154563228283586,-0.12344703163572393
3.0,1.7550132503645184,3.4936651683376967,-0.6308631292679118,0.752418019314329,-0.2908484849081159
1.0,-1.2109943376744323,0.8062950212745135,-1.586969088644423,0.40841526879484435,-0.048007396323858975
0.0,-1.6117907104360705,-0.5682358846894892,-1.0292174540408041,-0.10431922406799993,-0.017880045472553723
4.0,2.4549523768710477,-2.1416410908276546,0.13245161895567506,-0.010525207102914602,0.060228315798885615
4.0,2.3733896982593325,3.835059212879128,0.3512206743046045,-0.4090788437765859,-0.2184276468982365
3.0,1.6302704974998714,3.4897663757007598,-0.7937775685599329,0.5608711362832769,-0.18114099741014345
2.0,0.520413656021389,-2.28330145442241,-0.7000908097112439,-0.27012543033643055,0.28180410392847527
1.0,-0.39111172077529005,-1.986363094532983,-0.8350818382008139,-0.34268717516232355,0.05018090764423081
4.0,2.4807104231464425,-2.167102088430157,0.10824526721694454,0.03409975796921927,0.16677995246156901
4.0,3.0839484856602666,-1.942927592578025,0.5508192887127764,0.17924887870296094,-0.08944685831689227
4.0,2.9644815471209314,-1.9762294425270979,0.4637300602760337,0.11751929162800223,-0.0675932767356804
1.0,-1.1448715668236689,0.9157185429329578,-1.5721868455716677,0.45702501685958913,0.0640455512691298
0.0,-1.4180504184145872,-0.7454980799705352,-1.1310400761218242,-0.13306858143680417,-0.04260451075497891
1.0,-0.8494669012629287,-1.6804031016961862,-1.1545420145709266,-0.3985987807331025,-0.3329964138230133
0.0,-1.480003989061781,-0.30079117157625374,-1.2995552641611328,-0.12625896839667586,-0.11187042592290669
1.0,-1.3653586864587577,-0.5363820019630425,-1.3228268055898265,-0.11994357351220611,-0.13904578973071316
4.0,2.9563814295428035,-1.9993691960932467,0.4413815798842766,0.15159463112498328,-0.016200013318154592
4.0,2.6511083408123746,3.434380395304192,1.5628934247387,-0.6129318410927693,0.3676199094861701
1.0,-1.2324146741343462,-1.1411138199482913,-1.1203121562921656,-0.2713612340529078,-0.14244305449906836
4.0,2.1227739493479083,3.8167692208210964,-0.22197795603145012,0.13445616348000017,-0.4088931685142929
4.0,2.9147160190295347,-1.9992097268903792,0.4266339457316152,0.11082091883692508,-0.0330254631076259
1.0,-1.29260734580086,0.2773526739699867,-1.5955742559489474,0.0882912810077409,-0.12654362141203188
4.0,2.809706587295953,-2.054762179030312,0.3256839262534519,0.11900520231201833,0.057692321430883306
4.0,2.5480505788408365,-2.1398027711317784,0.15620124090146628,0.04165650196840455,0.14562890249120108
0.0,-1.617239765696856,-1.3964097049386595,-0.7524953585621085,-0.41796044751132655,-0.44004133315049176
2.0,0.07584277389217023,-2.158942607847874,-0.8532597688231746,-0.304470598821074,0.1317649208737237
3.0,1.6567795310386533,-2.3612423174137733,-0.27981265223045676,-0.17453153947685446,0.20142990421709184
3.0,1.9792847697334637,3.7195845385742006,-0.41230676781577474,0.3303003416631045,-0.3865261001128355
4.0,2.359556716762764,3.7938393290195367,0.39053539053447095,-0.47342277015220113,-0.1268805143776336
2.0,0.49674710989208326,2.5437467981037565,-1.407582244202661,1.0143963126778885,0.24406291524518395
4.0,3.159683527340003,-1.9013166067486185,0.6245983881498125,0.17793090735954029,-0.16614073291665107
4.0,2.8262992551739377,-2.052796535306909,0.3368105736199952,0.12818469478439576,0.05408090648585299
4.0,2.4165837912039208,-2.198568781548561,0.0530414103733806,0.033746245435513245,0.2233177198418465
4.0,3.081884471624286,-1.944118287418511,0.548348591872336,0.18150671366383483,-0.08803511988906333
1.0,-0.5206007184161103,2.122283257312378,-1.6975018586619735,-0.5512298102226852,0.2604278979476225
4.0,3.0037503237828393,-1.9687123362486707,0.49069942001609024,0.1364235229279599,-0.07214805581165132
4.0,2.462224896799705,3.776126126403493,0.6440558347295471,-0.5818955552377676,-0.10439729961305194
1.0,-1.026080594556506,1.0385182163362336,-1.5752529697639355,0.5655314881518085,0.17253599902806854
2.0,0.2671079821446338,2.27863979596584,-1.4040487066004073,1.200353029093207,0.3232559873310994
0.0,-1.621170801179326,-0.46995472186199583,-1.0280266140999272,-0.12390271779441812,0.049583551420664874
4.0,2.725184183983278,-2.075435079470591,0.2876289178746878,0.07263805164806042,0.06747537429928341
0.0,-1.8912058096541795,-0.28030105920016957,-0.9847895803044817,-0.147980906919851,-0.18798690248257513
1.0,-1.3596300923868387,0.26526787453715334,-1.507887345123837,0.07857269077278578,0.054580939025460976
1.0,-0.585193734406828,-1.912643990582336,-0.9298449454753718,-0.3587104536887092,-0.1187952057071857
2.0,0.09620573849896333,-2.141676822475454,-0.8241334775374284,-0.2902176687725039,0.18007002818687284
4.0,2.323923373657662,3.81804663337744,0.27821412707806054,-0.42627401643160306,-0.1678927615436946
0.0,-1.7241104446760347,-0.5005799454294102,-1.0148053073152377,-0.11067141754458577,-0.10445458748095297
1.0,-0.887533972275262,1.2794342182878982,-1.5928613400322411,0.6682275461924471,0.1424577463683784
4.0,2.756222509800296,-2.082246275323334,0.2812805369328369,0.12406974650221833,0.09272008784738178
3.0,1.0025784095205486,-2.4048388343105143,-0.5780501175422448,-0.26027429600079444,0.2608244231998395
0.0,-1.683305743990773,-0.655876075190904,-0.8781758534685109,-0.07817104700159627,0.0882123336153448
0.0,-1.4181558127708647,-1.235553866797906,-0.9707376099560615,-0.30659283594104175,-0.2520106826638295
0.0,-1.9093999071341536,-0.7152110747999995,-0.7051771434145091,-0.16179859537383204,-0.06683194924984955
4.0,2.3036404064505858,3.781327089963482,0.2944731524379973,-0.4892438558770201,-0.08111026546093804
0.0,-1.4450475471828157,-0.21450034223563572,-1.3559568175971501,-0.261002344500585,-0.13974760739157419
1.0,-1.16555074398587,-0.8181596928035639,-1.4718593836692213,-0.17324368988301883,-0.39219120682238906
4.0,2.6540073369018016,3.421565194232009,1.5880457907929288,-0.6179948632260277,0.3953896422842557
2.0,-0.16664249367944625,-2.075664650575463,-0.8223034477751608,-0.3254868892595399,0.10177602282751327
4.0,2.6356844997841438,3.584842016480684,1.310961527679389,-0.6382217229749729,0.16515809709764442
4.0,2.267051211733674,3.808295222320131,0.16812704429098646,-0.394727226998674,-0.14898058134646838
2.0,0.020097451629137574,2.0125216178441407,-1.4078504026319094,1.2840542767446206,0.4019364288988613
0.0,-1.7298175768767896,-0.30503630605969206,-1.0467541508989133,-0.05529307544941862,-0.0005962572055233314
0.0,-1.4634860487112216,0.005590665600377506,-1.368092761741337,-0.04792871927566343,0.016098450074754946
4.0,3.201364797043872,-1.8889982146971205,0.655922264376792,0.20131954188679987,-0.17970122008854583
3.0,1.917192710955376,3.6740755963388625,-0.4773371371873514,0.4026188839903277,-0.3423760998148074
4.0,2.4921791101289252,3.786073444297538,0.6905519680560337,-0.5645308122186536,-0.15110494616337486
4.0,2.2599829936903157,3.813290572334365,0.14613158612962773,-0.35908608691748156,-0.17430116308346713
3.0,2.0565830224129984,3.734400632208997,-0.1335466717351663,-0.40827138824987613,0.03165991707286325
0.0,-1.5052447584430428,-0.6923886253656593,-1.0127446078860962,-0.08871726295368484,0.09893900286144555
0.0,-1.4553106171870682,-0.692409105351106,-1.1267410125487913,-0.06200046990716434,-0.00710403820608242
3.0,2.005075237938149,-2.2941270990030955,-0.12970383329958113,-0.09834617373534087,0.21669950343826527
4.0,2.0797481884534523,3.7831972334701653,-0.2709495668182459,0.1906851419936143,-0.3987513484227824
4.0,2.079362471870387,-2.2831212867601853,-0.13378647686044368,-0.03717029050810024,0.28420785071137733
4.0,2.897646253104316,-2.024675731338969,0.3909219358951172,0.14929270329753566,0.026810052097152613
0.0,-1.4917273384833276,-0.6072322219950342,-1.138842418799397,-0.10202025704682868,-0.047684368430450035
4.0,3.102614176038194,-1.9334637484422237,0.5664925240549541,0.18154814440930575,-0.10806520091723268
4.0,2.5687071536599086,-2.139990429026327,0.16561344246983076,0.05708141611741721,0.1505020293899217
3.0,1.77654006637678,-2.3332368464075977,-0.24632055523897303,-0.14058425871378777,0.20087019737120604
3.0,1.2123146684088681,-2.3442631563245673,-0.40126122810553244,-0.3318833150567303,-0.2937924873385705
4.0,2.9381954780361563,-2.0127134176568537,0.4166876376471021,0.16563322322615512,0.012278963239307415
3.0,1.732167327594385,3.6229179834232643,-0.5909842818832515,-0.3450640250977355,0.1927655718884359
3.0,2.0382160192258842,3.761290673774735,-0.3244592040465431,0.19552965944790285,-0.36064471025642336
4.0,3.0568651286763515,-1.9431057835232943,0.5357315532358224,0.1505682199288637,-0.1083003208868801
4.0,3.0860934780090306,-1.9362063532865657,0.5575808649461169,0.16919847015435543,-0.1098886108142833
4.0,2.6328028726810127,3.6292887015939232,1.240527691304189,-0.6549008342882049,0.11128684687172789
1.0,-0.6178191375802896,-1.7552085038087386,-1.0316381237640386,-0.28398184720235115,-0.014149579744110609
2.0,0.7625341152097407,2.7656588862167113,-1.3322941003064654,0.9930716825680052,0.20907323982569695
0.0,-1.680016002000054,-0.2701100643699317,-1.1630080872711153,-0.07441829029561996,-0.11402513692588825
0.0,-1.5732939990833668,0.1486278790457626,-1.3916866099274359,-0.13913857934991877,-0.14102894397424703
1.0,-1.3026414800165798,0.42071690045787025,-1.6380365078321704,-0.13866012128174363,-0.16245621540270072
0.0,-1.507245283457714,-0.29758742583996106,-1.3249818503626707,-0.13625065000832576,-0.21056066525776646
2.0,0.15493714380461357,2.249102615323526,-1.470116028740508,1.081758723128352,0.298315693435457
4.0,2.3899323242183272,3.7721640745906364,0.48830076370898745,-0.5397697303757848,-0.08700837762259545
3.0,1.8176574961008756,3.535293006664355,-0.5585919986655803,0.7302545262564976,-0.3407730373907362
0.0,-1.7185604326042891,-0.33499798337435005,-1.054223337772324,-0.10358127700131667,-0.026343475543188128
0.0,-1.4805519216289598,0.2583610853345967,-1.5024896281681421,-0.1579265634077434,-0.16134296842313106
1.0,-0.6461421764011644,-1.7621287834639872,-0.9340375703604407,-0.2911524831580865,0.06556869790311412
4.0,2.440782003402035,-2.1517060427189385,0.13094279569215717,-0.01830718938632814,0.08872037723868582
2.0,0.3008089854154892,2.2910874047671994,-1.387047020041471,1.2242029398026402,0.3158416928631264
0.0,-1.490565338563744,-0.2556545443851056,-1.23799517102169,0.03618631336205359,0.07252598019499773
4.0,3.12332948378143,-1.9275811205528741,0.5815356375826564,0.19755858834488252,-0.11937796656759667
2.0,-0.12479666587237773,1.9649761423919356,-1.4413737692763156,1.1660680760465987,0.3029752935273011
4.0,2.235028505876803,3.7472971476350168,0.20814874188523638,-0.5016134667852903,0.009387764120556193
4.0,2.8512142201852977,-2.037828261044321,0.36102593025057006,0.1226265150405541,0.03207226909770758
0.0,-1.5425112240704668,-0.4109155568059986,-1.204380679638937,-0.13455425912867436,-0.10922791472066165
0.0,-1.5105484998054763,-0.730815082114519,-1.0203777926336135,-0.1413322180338351,0.021176538550417973
4.0,2.0897060720055047,3.7785305771287665,-0.1441819533085934,-0.3407168338233746,-0.08199262528758686
4.0,2.932013651612977,-2.0065875876075667,0.4214512047399841,0.14653691929012158,-0.008751533306956681
4.0,2.387112068593818,3.777328956507426,0.4773720968374505,-0.5189734642522857,-0.09605267215344525
0.0,-1.4797575479049416,-0.059878315120145964,-1.3875069759093424,-0.2598640465823748,-0.15280886121868711
4.0,3.0607098464814064,-1.9563760127974914,0.5253840965055581,0.18218737460960216,-0.0757594242610978
3.0,1.846909557837719,3.5775194410949744,-0.5228953231980226,0.6101090850866285,-0.3407719268693908
0.0,-1.5385638349423258,-0.6012969896000638,-1.0989958964462558,-0.17646290280494545,-0.06038181259452608
4.0,2.997187000837532,-1.9822141600919,0.47294994905414867,0.16400555224488053,-0.03521892434578717
4.0,2.397232743939671,3.8244742395565314,0.4224289009609,-0.4402430833503934,-0.19881613908813356
4.0,2.938849200761213,-2.0018810203289417,0.4302151505928764,0.13874747275840013,-0.01359967663772422
3.0,1.4321677250978067,-2.3984004167644084,-0.4017932942199194,-0.20652322499563852,0.2389948840232723
3.0,2.0179322469831766,-2.24378842237004,-0.08956357021171499,-0.13877131472110418,0.04016938880428506
0.0,-1.4088700578797995,-0.8179772735876689,-1.149331835140712,-0.21500002954246336,-0.15984773562665305
4.0,3.0856826386975706,-1.9474770215093307,0.5450415544807741,0.19609379539579208,-0.08741773269596083
1.0,-1.1083111396953824,-1.1521585436415391,-1.2407825034596949,-0.26071838415345316,-0.1826628293773822
0.0,-1.4679724076284537,-0.7125761101850213,-1.1634787189315274,-0.2559572521407196,-0.20992135521177754
3.0,1.3314573981784987,3.3994830003616228,-0.9068806797787994,-0.3851668089221983,0.42076458231517355
4.0,2.6876125440936227,-2.090996014869147,0.2532090684646973,0.0758208663902879,0.07647630629935918
0.0,-1.5022119600718837,-0.4023880824189545,-1.205045907947718,-0.14254503957135148,-0.030212996423499977
4.0,2.068292356996962,-2.2540838247629558,-0.07193258254748369,-0.10461809962469881,0.11561026204395103
0.0,-1.519771965340831,-0.7953021512448308,-0.9870908087714582,-0.1284257211742863,0.014992361778875196
3.0,1.2924617139695913,-2.4109448167878837,-0.47255637489710384,-0.2349252394612029,0.21574534665832332
1.0,-0.36741085487274283,-1.959084098337156,-0.8641308276557073,-0.3193301992503298,0.09478870742624843
0.0,-1.508166442171613,-0.5816480323370525,-1.1414353295233792,-0.18396470615878777,-0.09121893697068155
4.0,2.9800179768028205,-1.991837601788154,0.45740424191261064,0.16591721622437083,-0.020707523897985535
4.0,2.1921340882893383,-2.2585330180941496,-0.07348337528085987,-0.014690608009210364,0.2710902945026464
1.0,-0.26656655075406294,-2.1401438278102916,-0.9077311337599789,-0.4044037829140829,-0.1066146830147065
0.0,-1.4182500271484044,-0.6407850755205008,-1.1817542969008257,-0.11230801572007267,-0.04373978762025225
4.0,2.0907405778936674,-2.277585502309841,-0.12230435621920477,-0.0678454275801649,0.2390587417728945
4.0,3.052321553875086,-1.9298504999855297,0.5478208977165143,0.11733917550664003,-0.14968319725942275
0.0,-1.5250410262564895,-0.03194248274405028,-1.317297472632237,-0.1457039483719822,-0.027664765639976135
3.0,1.2641479564415794,3.312826695008566,-0.9468742955337947,-0.2642435763404197,0.48199656352296655
4.0,2.9945562868844635,-1.9758046321975413,0.4761659141242274,0.1500939477645915,-0.06201955694800209
3.0,1.3050916135812454,3.43107163119942,-1.0308901861023427,-0.20170604806991252,0.22951094812785067
0.0,-1.772651405271053,-0.6222609716112366,-0.8563500190038845,-0.11529402821686861,0.01173493895199957
4.0,2.5019508005477915,3.78760535677852,0.7129413458823818,-0.5699108429820631,-0.13776050514816576
3.0,1.599246020548618,-2.3709977988610915,-0.30036470550771543,-0.1921728046220434,0.19018423231975512
1.0,-0.9571748053324275,1.1156626443394284,-1.580131531906415,0.6690156189839378,0.19046890377136608
4.0,3.043906384822258,-1.9612700105725605,0.5132925786706073,0.1745670740075457,-0.0675944345002341
0.0,-1.65741693869291,-0.750593307251675,-0.8831145177074831,-0.10621476593085702,0.023192019979937254
1.0,-1.0236731018864105,0.9995670707960288,-1.5548302080632164,0.642047214804046,0.18988948725440094
4.0,2.937252655866066,-2.002846864504966,0.42820470517145354,0.14180250101689867,-0.005199862801051984
3.0,2.034980519719318,3.6995129237924917,-0.29757739118432647,0.45873591730104335,-0.4423441298711275
1.0,-0.9743936564678235,1.1331860235201763,-1.57708673602245,0.577524732269834,0.20268677871621243
2.0,0.13709989555182658,-2.1840617520554484,-0.8062082002258405,-0.30815179125617187,0.1702104903099848
3.0,1.9455987705408369,3.6812422853983695,-0.44285426351888985,0.4243453363979498,-0.37852495458431645
0.0,-1.5696595908857518,-0.44258886908726824,-1.0820107029210468,-0.08305229932155296,0.07484680581422375
4.0,2.780673910809499,-2.066377563573627,0.310645549591074,0.10989473146895742,0.06752643479386146
4.0,2.657778863510736,-2.099798532212018,0.23625519778119225,0.06502551412297834,0.09077548155756243
2.0,0.22966831685100128,2.2751872238845317,-1.4126648909340604,1.167428420993959,0.3080510466419452
4.0,3.0010156671801824,-1.9824548959046915,0.4724811915906656,0.1699038136446462,-0.033559473929992714
3.0,1.4767443981061095,-2.3943768702804085,-0.35879198886868996,-0.22101193911194839,0.19223934059846362
3.0,1.6930057509519771,3.600048056127055,-0.6993406701378155,0.12277955124137722,-0.11991608053425495
1.0,-0.4099331444877322,1.7178046001812313,-1.5431443204834374,0.9585647049703114,0.19171126535730032
4.0,2.7405530462438072,-2.0815303022200653,0.2757976556884366,0.10370141762471613,0.08421819744181101
1.0,-1.185826547825751,-0.7971904633952469,-1.3776339013821515,-0.12867097194291943,-0.20812777983936046
4.0,2.6512785957519642,3.417063350888669,1.5885746470267077,-0.6077956004027852,0.3927172243330574
1.0,-1.0254235405478958,1.1660050851415988,-1.7751020837963019,-0.4553635860342537,-0.08422758433869232
4.0,3.2015627551281476,-1.8912205791545444,0.6547661852109873,0.2045502289863522,-0.1821916620115463
1.0,-0.8488736578839152,1.3445891452439445,-1.6018218175655212,0.7228813094236305,0.16835261568006363
4.0,2.644583683639213,3.5457016648532043,1.3871360953837784,-0.6367512284553506,0.2185869614000407
3.0,1.9062568431242877,-2.3127772793592083,-0.1838667682377448,-0.1213273881839773,0.21122805906570813
4.0,2.3676448253677247,-2.202553134010501,0.03760903390241861,0.011624621629152922,0.19928650261272582
4.0,3.094646833291933,-1.9405828981066142,0.5562811284439639,0.18888854130028526,-0.09745682650811356
3.0,1.999829476287304,3.7382679693092946,-0.3719566203585973,0.23204977399724597,-0.34790075171598966
2.0,0.1295946350299307,-2.1510562487996623,-0.8076596440892538,-0.28426963712417497,0.20436686264057777
3.0,1.4688771887057035,-2.3865398504633277,-0.3931346993588037,-0.2003710694302417,0.19920887539201776
2.0,0.45898789190855016,2.486178631250192,-1.398504347666027,1.0869240807539644,0.2747334836245859
3.0,2.0006248956942705,-2.299702740769758,-0.14110133579042008,-0.08485950838265581,0.23895480959221876
4.0,2.4842481206835076,3.788440672720393,0.6710877557272389,-0.5616801832590012,-0.1434773269259866
4.0,3.0710760542080795,-1.9513846555607421,0.5343324726449239,0.18660586608255852,-0.07725997501054595
3.0,1.9070439441456681,3.63216086246778,-0.24490430208703304,-0.4744136822871804,0.2455611035170484
0.0,-1.5008912856809529,-0.39941118863363556,-1.2484333007866453,-0.1403238313428989,-0.11310132417239821
3.0,0.9400738178563536,3.16828586029956,-1.1317614175287867,-0.4090726930642774,0.508382857473683
2.0,-0.18492021409273715,-2.015898013155757,-0.8930453200174665,-0.2849158282288248,0.1382778692052216
0.0,-1.4635209554746884,-0.08252951534658676,-1.3451628382205214,-0.21764388353080263,-0.037853864189965454
3.0,2.0550784980083723,3.7841838379372876,-0.22815631572219347,-0.3217671212690693,-0.09141955792190619
4.0,2.6298759226636275,-2.117691219124492,0.20584411541163528,0.07084938446005572,0.12824301916303024
3.0,1.6686300918649983,-2.349875647746613,-0.2761415570487224,-0.18170342241533646,0.1481338476560816
1.0,-0.6997303873937889,-1.8139161555666028,-0.9533644769414481,-0.34873541601339636,-0.10596603678812715
3.0,1.8800735004467,-2.324336306456003,-0.20843682673085703,-0.10801147568151252,0.24926933331370213
4.0,2.280029234437396,3.8760036518228027,0.0805158528232829,-0.257711597912796,-0.3151061186627606
1.0,-0.3621032450753441,2.3533033939215677,-1.6865712788075522,-0.549970018161689,0.2211731680374731
4.0,2.96957748711721,-1.9898750194035557,0.45088246400114956,0.15346696579718502,-0.03150964173707726
1.0,-1.1473196831337438,0.6839884600931387,-1.6204409145013448,0.3461027313871033,-0.0511913823312935
0.0,-1.6374571447923294,-0.5317602925989516,-1.0067152834244972,-0.13756680009172206,-0.0026108940020085846
3.0,1.8388697606738016,-2.330081525708579,-0.22271778210572393,-0.10888508029754562,0.26261232579399785
1.0,-0.6176469612589154,-1.7110066452341584,-0.9829285095301936,-0.25536648948845025,0.1106274360818183
1.0,-0.6611695873820993,1.4609739997889442,-1.5607133305570737,0.8980217185589118,0.12899685452579834
4.0,2.7659382703851483,-2.0570002439946755,0.31585623985292394,0.07891490239753253,0.03417896037269719
1.0,-0.8790482272782054,1.566828000600581,-1.732228305128352,-0.403703599425625,0.17183668023319437
1.0,-0.8012784972565153,-1.6789618809288225,-1.0142785679650361,-0.29849663182359726,-0.07600336152450239
1.0,-0.5266564625823658,-1.8795664404874315,-1.0244674119394552,-0.3394455123393543,-0.09702496802335561
4.0,2.987869922120662,-1.9808019113305781,0.4672099198865835,0.15571659634680324,-0.047949041525523
